Algorithm,Silhouette,ARI,NMI
kmeans_k5,0.14198976831636556,0.7926580568618105,0.8524479729265161
agg_ward,0.13970090387793405,0.7798216773777338,0.8396232118213524
agg_complete,0.07859506204813044,0.2402391258617652,0.37939129809495725
agg_average,0.26450164696253037,0.0004100217511387767,0.00993664608654344
